{
    "info": {
        "_postman_id": "e4fc277b-38c4-cbd7-91ef-f218d95e19b5",
        "name": "BIM360 Companies Export",
        "schema": "https://schema.getpostman.com/json/collection/v2.0.0/collection.json"
    },
    "item": [
        {
            "name": "Authenticate",
            "event": [
                {
                    "listen": "test",
                    "script": {
                        "type": "text/javascript",
                        "exec": [
                            "try {",
                            "    var jsonData = JSON.parse(responseBody);",
                            "    postman.setEnvironmentVariable(\"AccessToken\", jsonData.access_token);",
                            "    tests[\"Access token request\"] = true;",
                            "    postman.setNextRequest(\"BIM360 Get Companies\");",
                            "} catch (ex) {",
                            "    tests[\"Access token request\"] = false;",
                            "    ",
                            "     // Stop workflow",
                            "    postman.setNextRequest(null);",
                            "}",
                            ""
                        ]
                    }
                }
            ],
            "request": {
                "method": "POST",
                "header": [
                    {
                        "key": "Content-Type",
                        "value": "application/x-www-form-urlencoded"
                    }
                ],
                "body": {
                    "mode": "urlencoded",
                    "urlencoded": [
                        {
                            "key": "client_id",
                            "value": "{{ClientID}}",
                            "type": "text"
                        },
                        {
                            "key": "client_secret",
                            "value": "{{ClientSecret}}",
                            "type": "text"
                        },
                        {
                            "key": "grant_type",
                            "value": "client_credentials",
                            "type": "text"
                        },
                        {
                            "key": "scope",
                            "value": "account:write account:read data:write data:create data:read bucket:read bucket:create",
                            "type": "text"
                        }
                    ]
                },
                "url": "https://developer.api.autodesk.com/authentication/v1/authenticate"
            },
            "response": []
        },
        {
            "name": "Get BIM360 Companies",
            "request": {
                "method": "GET",
                "header": [
                    {
                        "key": "Authorization",
                        "value": "Bearer {{AccessToken}}"
                    }
                ],
                "body": {
                    "mode": "raw",
                    "raw": "{\n  \"name\": \"xxxTestAPI\",\n  \"trade\": \"Plumbing\"\n}"
                },
                "url": {
                    "raw": "https://developer.api.autodesk.com/hq/v1/accounts/:account_id/companies?limit=100",
                    "protocol": "https",
                    "host": [
                        "developer",
                        "api",
                        "autodesk",
                        "com"
                    ],
                    "path": [
                        "hq",
                        "v1",
                        "accounts",
                        ":account_id",
                        "companies"
                    ],
                    "query": [
                        {
                            "key": "limit",
                            "value": "100"
                        }
                    ],
                    "variable": [
                        {
                            "key": "account_id",
                            "value": "{{BIM360AccountID}}"
                        }
                    ]
                }
            },
            "response": []
        }
    ]
}